{"cameraMode":{"drawMode":0,"name":"Shaded","section":"Shading Mode"},"sceneLighting":true,"audioPlay":false,"sceneViewState":{"m_AlwaysRefresh":false,"showFog":true,"showSkybox":true,"showFlares":true,"showImageEffects":true,"showParticleSystems":true,"showVisualEffectGraphs":true,"m_FxEnabled":true},"in2DMode":false,"pivot":{"x":29.470523834228517,"y":-3.2216413021087648,"z":-58.0853157043457},"rotation":{"x":0.014172703959047795,"y":0.9850060343742371,"z":-0.09963537007570267,"w":0.1401161104440689},"size":13.022601127624512,"orthographic":false}